t(s),N2,NH3,H2
0.00000000e+00,0.00000000e+00,0.00000000e+00,0.00000000e+00
4.00000000e+00,1.65860831e-10,-2.11506790e-11,-1.55090714e-09
