t(s),N2,NH3,H2
0.00000000e+00,8.22441430e-01,0.00000000e+00,1.77558570e-01
4.00000000e+00,7.51129098e-01,8.35309711e-02,1.65339932e-01
