t(s),Temperature,Pressure,Density,Mass,Volume,IntEnergy,mdot_in,mdot_out,mdot_surf,mdot
0.00000000e+00,9.00000000e+02,1.01325000e+05,1.15305513e-01,1.15305513e-07,1.00000000e-06,3.42765243e+06,0.00000000e+00,0.00000000e+00,0.00000000e+00,-6.27743856e+66,
4.00000000e+00,9.00000000e+02,6.89605953e+04,8.10298343e-02,8.10298343e-08,1.00000000e-06,2.96627119e+06,-1.15305513e-07,-1.14981776e-07,1.15957931e-09,1.48331587e-09,
