t(s),N2(T),N(T),H(T),NH3(T),NH2(T),NH(T),RU(T),N2(S),N(S),H(S),NH3(S),NH2(S),NH(S),RU(S)
0.00000000e+00,0.00000000e+00,0.00000000e+00,0.00000000e+00,0.00000000e+00,0.00000000e+00,0.00000000e+00,1.00000000e+00,0.00000000e+00,0.00000000e+00,0.00000000e+00,0.00000000e+00,0.00000000e+00,0.00000000e+00,1.00000000e+00
4.00000000e+00,2.10126263e-06,7.80315168e-01,1.19793019e-01,2.61162571e-07,1.02577570e-06,1.13256983e-02,8.85627259e-02,4.30343649e-07,7.89598136e-01,1.17029167e-01,5.94231337e-06,2.50676036e-03,4.29757872e-03,8.65619786e-02
