t(s),N2(T),N(T),H(T),NH3(T),NH2(T),NH(T),RU(T),N2(S),N(S),H(S),NH3(S),NH2(S),NH(S),RU(S)
0.00000000e+00,3.42008467e-01,0.00000000e+00,7.49646438e+00,0.00000000e+00,0.00000000e+00,0.00000000e+00,-7.83847285e+00,6.97976463e-03,0.00000000e+00,3.12222590e-03,0.00000000e+00,0.00000000e+00,0.00000000e+00,-1.01019905e-02
4.00000000e+00,-1.16753091e-09,3.65540020e-10,4.35528422e-09,1.76994192e-09,-1.38246415e-12,-6.73447659e-12,-5.31511831e-09,-5.01902899e-12,1.37734019e-12,-1.31204541e-12,5.19458614e-12,-8.49422295e-16,-7.09479053e-15,-2.32907708e-13
