t(s),Fructose-1,Inter-2,Inter-3,Inter-4,Inter-5,Inter-6,Inter-7,Inter-8,HMF-9,H2O,H-BA,LA-FA,2-FA,P1,P2,SP1,SP2
3.00000000e+02,0.00000000e+00,0.00000000e+00,0.00000000e+00,0.00000000e+00,0.00000000e+00,0.00000000e+00,0.00000000e+00,0.00000000e+00,0.00000000e+00,0.00000000e+00,0.00000000e+00,0.00000000e+00,0.00000000e+00,0.00000000e+00,0.00000000e+00,0.00000000e+00,0.00000000e+00
