t(s),N2,NH3,H2
0.00000000e+00,8.22441430e-01,0.00000000e+00,1.77558570e-01
4.00000000e+00,7.99319750e-01,2.79810930e-02,1.72699166e-01
