t(s),N2,NH3,H2
0.00000000e+00,0.00000000e+00,0.00000000e+00,0.00000000e+00
4.00000000e+00,-8.64117797e-11,4.81657640e-10,-2.27083068e-09
