t(s),N2,NH3,H2
0.00000000e+00,2.50000000e-01,0.00000000e+00,7.50000000e-01
4.00000000e+00,2.46312553e-01,1.41829199e-02,7.39504528e-01
