t(s),Temperature,Pressure,Density,Mass,Volume,IntEnergy,mdot_in,mdot_out,mdot_surf,mdot
0.00000000e+00,9.00000000e+02,1.01325000e+05,1.15305513e-01,1.15305513e-07,1.00000000e-06,3.42765243e+06,0.00000000e+00,0.00000000e+00,0.00000000e+00,-6.27743856e+66,
4.00000000e+00,9.00000000e+02,9.77251965e+04,1.12738171e-01,1.12738171e-07,1.00000000e-06,3.26108628e+06,-1.15305513e-07,-1.15269500e-07,1.20437702e-09,1.24038999e-09,
