t(s),N2(T),N(T),H(T),NH3(T),NH2(T),NH(T),RU(T),N2(S),N(S),H(S),NH3(S),NH2(S),NH(S),RU(S)
0.00000000e+00,3.42008467e-01,0.00000000e+00,7.49646438e+00,0.00000000e+00,0.00000000e+00,0.00000000e+00,-7.83847285e+00,6.97976463e-03,0.00000000e+00,3.12222590e-03,0.00000000e+00,0.00000000e+00,0.00000000e+00,-1.01019905e-02
4.00000000e+00,-4.08593768e-11,1.16358617e-11,8.42702179e-09,-1.02151166e-09,2.60870480e-14,-9.15319583e-14,-7.37622117e-09,-9.49553898e-13,2.30037559e-13,1.46087091e-11,-2.94667945e-11,6.04880989e-14,-7.18029264e-14,1.55889166e-11
