t(s),N2(T),N(T),H(T),NH3(T),NH2(T),NH(T),RU(T),N2(S),N(S),H(S),NH3(S),NH2(S),NH(S),RU(S)
0.00000000e+00,0.00000000e+00,0.00000000e+00,0.00000000e+00,0.00000000e+00,0.00000000e+00,0.00000000e+00,1.00000000e+00,0.00000000e+00,0.00000000e+00,0.00000000e+00,0.00000000e+00,0.00000000e+00,0.00000000e+00,1.00000000e+00
4.00000000e+00,2.41856770e-05,4.13967427e-02,2.69405032e-01,1.25168580e-07,6.52778802e-07,6.28527716e-04,6.88544734e-01,5.05727854e-06,3.82888091e-02,2.72996016e-01,2.97153833e-06,1.41821048e-03,2.18438903e-04,6.87070498e-01
